s_State,s_Volume,s_state_id,s_lat,s_lon,e_locality,e_locality_id,e_lat,e_lon,e_Volume
Argeen,65,SD15,21.988934,33.27362,Al Hasahisa,SD15034,14.78013,32.925545,1220
Ashkeet,40610,SD01,22.000523,31.511477,Al Hasahisa,SD15034,14.78013,32.925545,4324
Aj Jazirah,65,SD15,14.589485,33.27362,Al Kamlin,SD15035,15.128601,32.940258,4739
Khartoum,40610,SD01,15.851318,32.843002,Al Kamlin,SD15035,15.128601,32.940258,51185
Aj Jazirah,65,SD15,14.589485,33.27362,Al Manaqil,SD15036,14.132764,32.934234,9348
Blue Nile,111,SD08,11.297455,34.127622,Al Manaqil,SD15036,14.132764,32.934234,40
